yyyymm,bsi,pmi,ext,cpi,ppi,m2,pre,
2021-04,2021-04-29,2021-05-04,2021-05-14,2021-05-04,2021-05-21,2021-05-13,2021-05-31,
2021-03,2021-03-31,2021-04-02,2021-04-14,2021-04-02,2021-04-21,2021-04-13,2021-04-30,
2021-02,2021-02-24,2021-03-02,2021-03-16,2021-03-04,2021-03-24,2021-03-18,2021-03-31,
2021-01,2021-01-28,2021-02-02,2021-02-16,2021-02-02,2021-02-19,2021-02-17,2021-03-02,
2020-12,2020-12-30,2021-01-06,2021-01-14,2020-12-31,2021-01-21,2021-01-13,2021-01-29,
2020-11,2020-11-25,2020-12-02,2020-12-16,2020-12-02,2020-12-22,2020-12-15,2020-12-30,
2020-10,2020-10-29,2020-11-03,2020-11-12,2020-11-03,2020-11-20,2020-11-13,2020-11-30,
2020-09,2020-09-29,2020-10-02,2020-10-16,2020-10-06,2020-10-21,2020-10-15,2020-10-30,
2020-08,2020-08-26,2020-09-02,2020-09-15,2020-09-02,2020-09-22,2020-09-11,2020-09-29,
2020-07,2020-07-30,2020-08-04,2020-08-14,2020-08-04,2020-08-21,2020-08-13,2020-08-31,
2020-06,2020-06-30,2020-07-02,2020-07-15,2020-07-02,2020-07-21,2020-07-15,2020-07-31,
2020-05,2020-05-27,2020-06-02,2020-06-12,2020-06-02,2020-06-23,2020-06-10,2020-06-30,
2020-04,2020-04-29,2020-05-02,2020-05-15,2020-05-04,2020-05-21,2020-05-13,2020-05-29,
2020-03,2020-03-31,2020-04-02,2020-04-14,2020-04-02,2020-04-22,2020-04-10,2020-04-29,
2020-02,2020-02-26,2020-03-03,2020-03-13,2020-03-03,2020-03-20,2020-03-17,2020-03-31,
2020-01,2020-01-30,2020-02-04,2020-02-14,2020-02-04,2020-02-20,2020-02-14,2020-02-28,
2019-12,2019-12-31,2020-01-04,2020-01-15,2019-12-31,2020-01-21,2020-01-16,2020-01-31,
2019-11,2019-11-28,2019-12-03,2019-12-13,2019-12-02,2019-12-20,2019-12-11,2019-12-30,
2019-10,2019-10-29,2019-11-02,2019-11-14,2019-11-01,2019-11-20,2019-11-13,2019-11-29,
2019-09,2019-10-01,2019-10-02,2019-10-16,2019-10-01,2019-10-22,2019-10-15,2019-10-31,
2019-08,2019-08-29,2019-09-04,2019-09-18,2019-09-03,2019-09-24,2019-09-19,2019-09-30,
2019-07,2019-07-30,2019-08-02,2019-08-14,2019-08-01,2019-08-21,2019-08-13,2019-08-30,
2019-06,2019-06-27,2019-07-02,2019-07-12,2019-07-02,2019-07-19,2019-07-11,2019-07-31,
2019-05,2019-05-29,2019-06-04,2019-06-14,2019-06-04,2019-06-20,2019-06-12,2019-06-28,
2019-04,2019-04-30,2019-05-02,2019-05-14,2019-05-02,2019-05-21,2019-05-09,2019-05-31,
2019-03,2019-03-28,2019-04-02,2019-04-12,2019-04-02,2019-04-19,2019-04-11,2019-04-30,
2019-02,2019-02-27,2019-03-02,2019-03-15,2019-03-05,2019-03-20,2019-03-13,2019-03-29,
2019-01,2019-01-30,2019-02-02,2019-02-19,2019-02-01,2019-02-22,2019-02-14,2019-02-28,
2018-12,2018-12-28,2019-01-04,2019-01-15,2018-12-31,2019-01-22,2019-01-10,2019-01-31,
2018-11,2018-11-28,2018-12-04,2018-12-13,2018-12-04,2018-12-21,2018-12-12,2018-12-28,
2018-10,2018-10-30,2018-11-02,2018-11-13,2018-11-01,2018-11-20,2018-11-13,2018-11-30,
2018-09,2018-10-02,2018-10-02,2018-10-16,2018-10-05,2018-10-23,2018-10-17,2018-10-31,
2018-08,2018-08-30,2018-09-05,2018-09-14,2018-09-04,2018-09-21,2018-09-12,2018-10-02,
2018-07,2018-07-31,2018-08-02,2018-08-14,2018-08-01,2018-08-21,2018-08-09,2018-08-31,
2018-06,2018-06-29,2018-07-03,2018-07-13,2018-07-03,2018-07-20,2018-07-11,2018-07-31,
2018-05,2018-05-31,2018-06-02,2018-06-19,2018-06-01,2018-06-21,2018-06-12,2018-06-29,
2018-04,2018-04-27,2018-05-02,2018-05-15,2018-05-02,2018-05-21,2018-05-10,2018-05-31,
2018-03,2018-03-29,2018-04-03,2018-04-13,2018-04-03,2018-04-19,2018-04-11,2018-04-30,
2018-02,2018-02-28,2018-03-02,2018-03-14,2018-03-06,2018-03-20,2018-03-14,2018-03-30,
2018-01,2018-01-30,2018-02-02,2018-02-13,2018-02-01,2018-02-21,2018-02-13,2018-03-02,
2017-12,2017-12-28,2018-01-04,2018-01-15,2017-12-29,2018-01-22,2018-01-10,2018-01-31,
2017-11,2017-11-28,2017-12-02,2017-12-12,2017-12-01,2017-12-19,2017-12-13,2017-12-28,
2017-10,2017-10-31,2017-11-02,2017-11-13,2017-11-01,2017-11-20,2017-11-01,2017-11-30,
2017-09,2017-09-29,2017-10-03,2017-10-18,2017-09-28,2017-10-23,2017-10-18,2017-10-31,
2017-08,2017-08-29,2017-09-02,2017-09-13,2017-09-01,2017-09-19,2017-09-12,2017-09-29,
2017-07,2017-07-28,2017-08-02,2017-08-11,2017-08-01,2017-08-21,2017-08-01,2017-08-31,
2017-06,2017-06-29,2017-07-04,2017-07-14,2017-07-04,2017-07-19,2017-07-12,2017-07-28,
2017-05,2017-05-31,2017-06-02,2017-06-16,2017-06-01,2017-06-19,2017-06-13,2017-06-30,
2017-04,2017-04-28,2017-05-02,2017-05-17,2017-05-02,2017-05-22,2017-05-16,2017-05-31,
2017-03,2017-03-29,2017-04-04,2017-04-14,2017-04-04,2017-04-19,2017-04-11,2017-04-28,
2017-02,2017-02-28,2017-03-02,2017-03-14,2017-03-03,2017-03-20,2017-03-01,2017-03-31,
2017-01,2017-01-26,2017-02-02,2017-02-14,2017-02-02,2017-02-20,2017-02-11,2017-03-02,
2016-12,2016-12-29,2017-01-04,2017-01-11,2016-12-30,2017-01-19,2017-01-12,2017-02-01,
2016-11,2016-11-29,2016-12-02,2016-12-14,2016-12-01,2016-12-20,2016-12-14,2016-12-29,
2016-10,2016-10-28,2016-11-02,2016-11-14,2016-11-01,2016-11-18,2016-11-10,2016-11-30,
2016-09,2016-09-30,2016-10-04,2016-10-14,2016-10-05,2016-10-19,2016-10-12,2016-10-31,
2016-08,2016-08-31,2016-09-02,2016-09-13,2016-09-01,2016-09-21,2016-09-01,2016-09-30,
2016-07,2016-07-29,2016-08-02,2016-08-12,2016-08-02,2016-08-19,2016-08-10,2016-08-31,
2016-06,2016-06-29,2016-07-02,2016-07-13,2016-07-01,2016-07-19,2016-07-13,2016-07-29,
2016-05,2016-05-30,2016-06-02,2016-06-15,2016-06-01,2016-06-20,2016-06-01,2016-06-30,
2016-04,2016-04-29,2016-05-03,2016-05-12,2016-05-03,2016-05-19,2016-05-12,2016-05-31,
2016-03,2016-03-31,2016-04-02,2016-04-12,2016-04-01,2016-04-20,2016-04-18,2016-04-29,
2016-02,2016-02-29,2016-03-02,2016-03-14,2016-03-03,2016-03-18,2016-03-01,2016-03-31,
2016-01,2016-01-29,2016-02-02,2016-02-15,2016-02-02,2016-02-19,2016-02-15,2016-03-02,
2015-12,2015-12-30,2016-01-05,2016-01-13,2015-12-31,2016-01-19,2016-01-13,2016-01-29,
2015-11,2015-11-30,2015-12-02,2015-12-11,2015-12-01,2015-12-18,2015-12-10,2015-12-30,
2015-10,2015-10-30,2015-11-03,2015-11-10,2015-11-03,2015-11-19,2015-11-11,2015-11-30,
2015-09,2015-09-30,2015-10-02,2015-10-13,2015-10-02,2015-10-20,2015-10-14,2015-10-30,
2015-08,2015-08-31,2015-09-02,2015-09-10,2015-09-01,2015-09-18,2015-09-10,2015-10-01,
2015-07,2015-07-31,2015-08-04,2015-08-11,2015-08-04,2015-08-19,2015-08-12,2015-08-31,
2015-06,2015-06-30,2015-07-02,2015-07-10,2015-07-01,2015-07-17,2015-07-01,2015-07-31,
2015-05,2015-05-29,2015-06-02,2015-06-12,2015-06-02,2015-06-19,2015-06-10,2015-06-30,
2015-04,2015-04-29,2015-05-02,2015-05-13,2015-05-01,2015-05-19,2015-05-14,2015-05-29,
2015-03,2015-03-30,2015-04-02,2015-04-13,2015-04-01,2015-04-20,2015-04-01,2015-04-30,
2015-02,2015-02-27,2015-03-03,2015-03-13,2015-03-03,2015-03-19,2015-03-11,2015-03-31,
2015-01,2015-01-30,2015-02-03,2015-02-11,2015-02-03,2015-02-17,2015-02-16,2015-03-02,
2014-12,2014-12-29,2015-01-03,2015-01-13,2014-12-31,2015-01-19,2015-01-14,2015-01-30,
2014-11,2014-11-28,2014-12-02,2014-12-10,2014-12-02,2014-12-17,2014-12-10,2014-12-30,
2014-10,2014-10-30,2014-11-04,2014-11-12,2014-11-04,2014-11-19,2014-11-12,2014-11-28,
2014-09,2014-09-30,2014-10-02,2014-10-15,2014-10-01,2014-10-20,2014-10-14,2014-10-30,
2014-08,2014-08-29,2014-09-03,2014-09-15,2014-09-02,2014-09-19,2014-09-11,2014-09-30,
2014-07,2014-07-30,2014-08-02,2014-08-13,2014-08-01,2014-08-19,2014-08-13,2014-08-29,
2014-06,2014-06-30,2014-07-02,2014-07-10,2014-07-01,2014-07-17,2014-07-01,2014-07-30,
2014-05,2014-05-30,2014-06-03,2014-06-12,2014-06-03,2014-06-19,2014-06-11,2014-06-27,
2014-04,2014-04-30,2014-05-02,2014-05-14,2014-05-01,2014-05-20,2014-05-01,2014-05-30,
2014-03,2014-03-28,2014-04-02,2014-04-10,2014-04-01,2014-04-17,2014-04-01,2014-04-30,
2014-02,2014-02-28,2014-03-04,2014-03-12,2014-03-04,2014-03-19,2014-03-12,2014-03-28,
2014-01,2014-01-28,2014-02-04,2014-02-12,2014-02-04,2014-02-18,2014-02-12,2014-02-28,
2013-12,2013-12-27,2014-01-03,2014-01-14,2013-12-31,2014-01-20,2014-01-11,2014-01-29,
2013-11,2013-11-27,2013-12-03,2013-12-11,2013-12-02,2013-12-17,2013-12-11,2013-12-30,
2013-10,2013-10-30,2013-11-02,2013-11-12,2013-11-01,2013-11-18,2013-11-13,2013-11-29,
2013-09,2013-09-30,2013-10-02,2013-10-11,2013-10-01,2013-10-17,2013-10-01,2013-10-30,
2013-08,2013-08-28,2013-09-04,2013-09-11,2013-09-02,2013-09-17,2013-09-11,2013-09-30,
2013-07,2013-07-29,2013-08-02,2013-08-12,2013-08-01,2013-08-16,2013-08-01,2013-08-30,
2013-06,2013-06-26,2013-07-02,2013-07-10,2013-07-01,2013-07-17,2013-07-10,2013-07-30,
2013-05,2013-05-30,2013-06-04,2013-06-12,2013-06-03,2013-06-18,2013-06-12,2013-06-28,
2013-04,2013-04-30,2013-05-02,2013-05-10,2013-05-01,2013-05-16,2013-05-01,2013-05-30,
2013-03,2013-03-29,2013-04-02,2013-04-10,2013-04-01,2013-04-17,2013-04-10,2013-04-30,
2013-02,2013-02-28,2013-03-02,2013-03-13,2013-03-04,2013-03-18,2013-03-13,2013-03-29,
2013-01,2013-01-29,2013-02-02,2013-02-13,2013-02-01,2013-02-18,2013-02-13,2013-02-28,
2012-12,2012-12-27,2013-01-03,2013-01-10,2012-12-31,2013-01-17,2013-01-10,2013-01-30,
2012-11,2012-11-29,2012-12-04,2012-12-14,2012-12-03,2012-12-10,2012-12-12,2012-12-28,
2012-10,2012-10-29,2012-11-02,2012-11-15,2012-11-01,2012-11-10,2012-11-01,2012-11-30,
2012-09,2012-09-27,2012-10-02,2012-10-15,2012-10-02,2012-10-11,2012-10-10,2012-10-31,
2012-08,2012-08-30,2012-09-05,2012-09-14,2012-09-03,2012-09-10,2012-09-12,2012-09-28,
2012-07,2012-07-30,2012-08-02,2012-08-14,2012-08-01,2012-08-10,2012-08-01,2012-08-31,
2012-06,2012-06-27,2012-07-03,2012-07-13,2012-07-02,2012-07-01,2012-07-11,2012-07-31,
2012-05,2012-05-29,2012-06-02,2012-06-15,2012-06-01,2012-06-11,2012-06-01,2012-06-29,
2012-04,2012-04-30,2012-05-02,2012-05-15,2012-05-01,2012-05-01,2012-05-01,2012-05-31,
2012-03,2012-03-28,2012-04-03,2012-04-16,2012-04-02,2012-04-01,2012-04-12,2012-04-30,
2012-02,2012-02-27,2012-03-02,2012-03-16,2012-03-02,2012-03-01,2012-03-01,2012-03-30,
2012-01,2012-01-27,2012-02-02,2012-02-15,2012-02-01,2012-02-01,2012-02-12,2012-02-29,
2011-12,2011-12-28,2012-01-04,2012-01-13,2011-12-30,2012-01-12,2012-01-12,2012-01-31,
2011-11,2011-11-28,2011-12-02,2011-12-13,2011-12-01,2011-12-11,2011-12-10,2011-12-29,
2011-10,2011-10-31,2011-11-02,2011-11-15,2011-11-01,2011-11-10,2011-11-10,2011-11-30,
2011-09,2011-09-28,2011-10-04,2011-10-14,2011-10-04,2011-10-11,2011-10-12,2011-10-31,
2011-08,2011-08-30,2011-09-02,2011-09-16,2011-09-01,2011-09-01,2011-09-01,2011-09-30,
2011-07,2011-07-27,2011-08-02,2011-08-12,2011-08-01,2011-08-01,2011-08-12,2011-08-31,
2011-06,2011-06-30,2011-07-02,2011-07-15,2011-07-01,2011-07-01,2011-07-13,2011-07-29,
2011-05,2011-05-31,2011-06-02,2011-06-15,2011-06-01,2011-06-10,2011-06-01,2011-06-30,
2011-04,2011-04-27,2011-05-03,2011-05-16,2011-05-02,2011-05-11,2011-05-12,2011-05-31,
2011-03,2011-03-31,2011-04-02,2011-04-15,2011-04-01,2011-04-01,2011-04-11,2011-04-29,
2011-02,2011-02-28,2011-03-02,2011-03-15,2011-03-02,2011-03-10,2011-03-01,2011-03-31,
2011-01,2011-01-31,2011-02-02,2011-02-16,2011-02-01,2011-02-11,2011-02-10,2011-03-03,
2010-12,2010-12-29,2011-01-04,2011-01-14,2010-12-31,2011-01-10,2011-01-12,2011-01-31,
2010-11,2010-11-30,2010-12-02,2010-12-13,2010-12-01,2010-12-11,2010-12-10,2010-12-30,
2010-10,2010-10-29,2010-11-02,2010-11-14,2010-11-01,2010-11-10,2010-11-10,2010-11-30,
2010-09,2010-09-30,2010-10-02,2010-10-14,2010-10-01,2010-10-10,2010-10-01,2010-10-29,
2010-08,2010-08-31,2010-09-02,2010-09-13,2010-09-01,2010-09-01,2010-09-01,2010-09-30,
2010-07,2010-07-29,2010-08-03,2010-08-15,2010-08-02,2010-08-01,2010-08-11,2010-08-31,
2010-06,2010-06-30,2010-07-02,2010-07-14,2010-07-01,2010-07-01,2010-07-01,2010-07-30,
2010-05,2010-05-28,2010-06-02,2010-06-14,2010-06-01,2010-06-01,2010-06-01,2010-06-30,
2010-04,2010-04-29,2010-05-04,2010-05-14,2010-05-03,2010-05-10,2010-05-11,2010-05-31,
2010-03,2010-03-30,2010-04-02,2010-04-14,2010-04-01,2010-04-01,2010-04-01,2010-04-30,
2010-02,2010-02-26,2010-03-02,2010-03-14,2010-03-02,2010-03-01,2010-03-10,2010-03-31,
2010-01,2010-01-28,2010-02-02,2010-02-15,2010-02-01,2010-02-01,2010-02-10,2010-03-03,
2009-12,2009-12-30,2010-01-05,2010-01-14,2009-12-31,2010-01-10,2010-01-11,2010-01-29,
2009-11,2009-11-25,2009-12-02,2009-12-14,2009-11-02,2009-12-09,2009-12-09,2009-12-30,통화 10~11월 함께 발표
2009-10,2009-10-29,2009-11-03,2009-11-15,2009-11-02,2009-11-09,2009-12-09,2009-11-30,
2009-09,2009-09-30,2009-10-02,2009-10-15,2009-10-01,2009-10-09,2009-11-11,2009-10-30,
2009-08,2009-08-28,2009-09-02,2009-09-15,2009-09-01,2009-09-09,2009-10-08,2009-09-30,
2009-07,2009-07-28,2009-08-04,2009-08-16,2009-08-03,2009-08-09,2009-09-09,2009-08-31,
2009-06,2009-06-30,2009-07-02,2009-07-14,2009-07-01,2009-07-09,2009-08-10,2009-07-31,
2009-05,2009-05-29,2009-06-02,2009-06-15,2009-06-01,2009-06-10,2009-07-08,2009-06-30,
2009-04,2009-04-30,2009-05-02,2009-05-17,2009-05-01,2009-05-10,2009-06-10,2009-05-29,
2009-03,2009-03-31,2009-04-02,2009-04-15,2009-04-01,2009-04-09,2009-05-11,2009-04-30,
2009-02,2009-02-26,2009-03-03,2009-03-16,2009-03-03,2009-03-09,2009-04-08,2009-03-31,
2009-01,2009-01-30,2009-02-03,2009-02-15,2009-02-02,2009-02-09,2009-03-11,2009-03-02,
2008-12,2008-12-31,2009-01-03,2009-01-15,2008-12-31,2008-01-09,2009-02-11,2009-01-30,
2008-11,2008-11-26,2008-12-02,2008-12-15,2008-12-01,2008-12-08,2009-01-08,2008-12-30,
2008-10,2008-10-31,2008-11-04,2008-11-14,2008-11-03,2008-11-10,2008-12-10,2008-11-28,
2008-09,2008-09-30,2008-10-02,2008-10-14,2008-10-01,2008-10-08,2008-11-06,2008-10-31,
2008-08,2008-08-28,2008-09-03,2008-09-16,2008-09-01,2008-09-09,2008-10-08,2008-09-30,
2008-07,2008-07-31,2008-08-02,2008-08-14,2008-08-01,2008-08-08,2008-09-10,2008-08-29,
2008-06,2008-06-30,2008-07-02,2008-07-15,2008-07-01,2008-07-09,2008-08-06,2008-07-31,
2008-05,2008-05-28,2008-06-03,2008-06-15,2008-06-02,2008-06-10,2008-07-09,2008-06-30,
2008-04,2008-04-30,2008-05-02,2008-05-16,2008-05-01,2008-05-09,2008-06-11,2008-05-30,
2008-03,2008-03-31,2008-04-02,2008-04-15,2008-04-01,2008-04-09,2008-04-09,2008-04-30,
2008-02,2008-02-28,2008-03-04,2008-03-16,2008-03-03,2008-03-10,2008-03-06,2008-03-31,
2008-01,2008-01-31,2008-02-02,2008-02-19,2008-02-01,2008-02-14,2008-02-12,2008-03-04,
2007-12,2007-12-31,2008-01-02,2008-01-14,2007-12-31,2008-01-09,2008-02-12,2008-01-31,
2007-11,2007-11-29,2007-12-02,2007-12-14,2007-12-03,2007-12-14,2008-01-09,2007-12-28,
2007-10,2007-10-31,2007-11-02,2007-11-14,2007-11-01,2007-11-08,2007-12-06,2007-11-28,
2007-09,2007-10-01,2007-10-02,2007-10-15,2007-10-02,2007-10-09,2007-11-07,2007-10-30,
2007-08,2007-08-30,2007-09-02,2007-09-13,2007-09-03,2007-09-09,2007-10-10,2007-10-01,
2007-07,2007-07-31,2007-08-02,2007-08-13,2007-08-01,2007-08-09,2007-09-04,2007-08-29,
2007-06,2007-07-02,2007-07-02,2007-07-12,2007-07-02,2007-07-09,2007-08-06,2007-07-30,
2007-05,2007-05-31,2007-06-02,2007-06-13,2007-06-01,2007-06-08,2007-07-08,2007-06-28,
2007-04,2007-04-30,2007-05-02,2007-05-13,2007-05-01,2007-05-08,2007-06-04,2007-05-30,
2007-03,2007-04-04,2007-04-02,2007-04-15,2007-04-02,2007-04-08,2007-05-08,2007-04-27,
2007-02,2007-03-04,2007-03-02,2007-03-14,2007-03-02,2007-03-08,2007-04-09,2007-03-29,
2007-01,2007-02-01,2007-02-02,2007-02-13,2007-02-01,2007-02-07,2007-03-07,2007-02-28,
2006-12,2006-12-29,2007-01-02,2007-01-11,2006-12-29,2007-01-07,2007-02-27,2007-01-30,
2006-11,2006-11-30,2006-12-02,2006-12-13,2006-12-01,2006-12-07,2007-01-08,2006-12-29,
2006-10,2006-10-31,2006-11-02,2006-11-14,2006-11-01,2006-11-07,2006-12-06,2006-11-29,
2006-09,2006-09-29,2006-10-02,2006-10-17,2006-10-01,2006-10-10,2006-11-08,2006-10-30,
2006-08,2006-08-31,2006-09-02,2006-09-13,2006-09-01,2006-09-05,2006-10-11,2006-09-28,
2006-07,2006-07-31,2006-08-02,2006-08-13,2006-08-01,2006-08-06,2006-08-07,2006-08-29,
2006-06,2006-06-30,2006-07-02,2006-07-13,2006-07-01,2006-07-06,2006-07-05,2006-07-28,
2006-05,2006-06-01,2006-06-02,2006-06-14,2006-06-01,2006-06-09,2006-06-13,2006-06-29,
2006-04,2006-04-25,2006-05-02,2006-05-12,2006-05-01,2006-05-07,2006-05-11,2006-05-29,
2006-03,2006-03-31,2006-04-02,2006-04-13,2006-04-03,2006-04-06,2006-04-12,2006-04-27,
2006-02,2006-02-28,2006-03-02,2006-03-13,2006-03-02,2006-03-07,2006-03-09,2006-03-29,
2006-01,2006-01-27,2006-02-02,2006-02-13,2006-02-01,2006-02-07,2006-02-08,2006-02-28,
2005-12,2005-12-29,2006-01-02,2006-01-13,2005-12-30,2006-01-05,2006-01-11,2006-01-27,
2005-11,2005-12-01,2005-12-02,2005-12-12,2005-12-01,2005-12-02,2005-12-07,2005-12-29,
2005-10,2005-10-28,2005-11-02,2005-11-11,2005-11-01,2005-11-07,2005-11-09,2005-11-29,
2005-09,2005-09-30,2005-10-02,2005-10-13,2005-10-04,2005-10-07,2005-10-10,2005-10-28,
2005-08,2005-09-01,2005-09-02,2005-09-13,2005-09-01,2005-09-06,2005-09-07,2005-09-29,
2005-07,2005-07-28,2005-08-02,2005-08-12,2005-08-01,2005-08-04,2005-08-10,2005-08-30,
2005-06,2005-06-30,2005-07-02,2005-07-12,2005-07-01,2005-07-05,2005-07-06,2005-07-28,
2005-05,2005-06-11,2005-06-02,2005-06-14,2005-06-01,2005-06-06,2005-06-08,2005-06-29,
2005-04,2005-04-28,2005-05-02,2005-05-13,2005-05-02,2005-05-05,2005-05-11,2005-05-30,
2005-03,2005-03-31,2005-04-02,2005-04-14,2005-04-01,2005-04-06,2005-04-06,2005-04-28,
2005-02,2005-03-02,2005-03-02,2005-03-11,2005-03-02,2005-03-06,2005-03-09,2005-03-29,
2005-01,2005-01-31,2005-02-02,2005-02-16,2005-02-01,2005-02-03,2005-02-14,2005-02-28,
2004-12,2005-01-04,2005-01-02,2005-01-14,2004-12-30,2005-01-06,2005-01-12,2005-01-28,
2004-11,2004-12-01,2004-12-02,2004-12-12,2004-12-01,2004-12-07,2004-12-08,2004-12-29,
2004-10,2004-11-03,2004-11-02,2004-11-14,2004-11-01,2004-11-04,2004-11-10,2004-11-29,
2004-09,2004-10-08,2004-10-02,2004-10-14,2004-10-05,2004-10-14,2004-10-06,2004-10-29,
2004-08,2004-09-01,2004-09-02,2004-09-13,2004-09-01,2004-09-06,2004-09-08,2004-10-04,
2004-07,2004-08-03,2004-08-02,2004-08-13,2004-08-02,2004-08-05,2004-08-11,2004-08-27,
2004-06,2004-07-08,2004-07-02,2004-07-14,2004-07-01,2004-07-05,2004-07-07,2004-07-29,
2004-05,2004-06-11,2004-06-02,2004-06-10,2004-06-01,2004-06-03,2004-06-10,2004-06-29,
2004-04,2004-05-07,2004-05-02,2004-05-13,2004-05-03,2004-05-06,2004-05-05,2004-05-28,
2004-03,2004-04-09,2004-04-02,2004-04-14,2004-04-01,2004-04-06,2004-04-07,2004-04-29,
2004-02,2004-03-04,2004-03-02,2004-03-12,2004-03-02,2004-03-05,2004-03-10,2004-03-30,
2004-01,2004-02-07,2004-02-02,2004-02-12,2004-02-02,2004-02-04,2004-02-05,2004-02-27,
2003-12,2004-01-09,2004-01-02,2004-01-14,2003-12-30,2004-01-06,2001-01-07,2004-01-30,
2003-11,2003-12-04,2003-12-02,2003-12-12,2003-12-01,2003-12-03,2003-12-10,2003-12-30,
2003-10,2003-10-10,2003-11-02,2003-11-12,2003-10-31,2003-11-06,2003-11-05,2003-11-28,소비자물가동향 발표 변경(당월말일→익월초일)
2003-09,2003-09-13,2003-10-02,2003-10-14,2003-09-30,2003-10-07,2003-10-08,2003-10-29,
2003-08,2003-08-31,2003-09-02,2003-09-16,2003-09-02,2003-09-03,2003-09-08,2003-09-29,
2003-07,2003-08-08,2003-08-02,2003-08-12,2003-07-31,2003-08-05,2003-08-06,2003-08-28,
2003-06,2003-07-04,2003-07-02,2003-07-10,2003-06-30,2003-07-06,2003-07-09,2003-07-29,
2003-05,2003-06-01,2003-06-02,2003-06-11,2003-05-30,2003-06-06,2003-06-10,2003-06-27,
2003-04,2003-05-05,2003-05-02,2003-05-13,2003-04-30,2003-05-08,2003-05-12,2003-05-29,
2003-03,2003-04-03,2003-04-02,2003-04-11,2003-03-31,2003-04-06,2003-04-09,2003-04-29,
2003-02,2003-03-07,2003-03-02,2003-03-13,2003-02-28,2003-03-05,2003-03-06,2003-03-28,
2003-01,2003-02-07,2003-02-02,2003-02-24,2003-01-30,2003-02-05,2003-02-06,2003-02-27,
2002-12,,2003-01-02,2003-01-14,2002-12-30,2003-01-07,2003-01-08,2003-01-29,
2002-11,,2002-12-02,2002-12-10,2002-11-29,2002-12-05,2002-12-06,2002-12-30,
2002-10,,2002-11-02,2002-11-12,2002-10-31,2002-11-05,2002-11-06,2002-11-28,
2002-09,,2002-10-02,2002-10-11,2002-09-30,2002-10-06,2002-10-08,2002-10-29,
2002-08,,2002-09-02,2002-09-11,2002-08-30,2002-09-05,2002-07-04,2002-09-27,
2002-07,,2002-08-02,2002-08-12,2002-07-31,2002-08-06,2002-08-06,2002-08-28,
2002-06,,2002-07-02,2002-07-10,2002-06-28,2002-07-05,2002-07-04,2002-07-30,
2002-05,,2002-06-02,2002-06-12,2002-05-31,2002-06-07,2002-06-05,2002-06-28,
2002-04,,2002-05-02,2002-05-10,2002-04-30,2002-05-07,2002-05-07,2002-05-29,
2002-03,,2002-04-02,2002-04-10,2002-03-29,2002-04-05,2002-04-04,2002-04-29,
2002-02,,2002-03-02,2002-03-11,2002-02-28,2002-03-06,2002-03-07,2002-03-28,
2002-01,,2002-02-02,2002-02-14,2002-01-31,2002-02-05,2002-02-07,2002-02-27,
2001-12,,2002-01-02,2002-01-11,2001-12-28,2002-01-07,2002-01-10,2002-01-29,
2001-11,,2001-12-02,2001-12-11,2001-11-30,2001-12-05,2001-12-06,2001-12-28,
2001-10,,2001-11-02,2001-11-13,2001-10-31,2001-11-05,2001-11-08,2001-11-29,
2001-09,,2001-10-02,2001-10-12,2001-09-28,2001-10-08,2001-10-13,2001-10-30,
2001-08,,2001-09-02,2001-09-10,2001-08-31,2001-09-05,2001-09-06,2001-09-28,
2001-07,,2001-08-02,2001-08-10,2001-07-31,2001-08-05,2001-08-17,2001-08-31,
2001-06,,2001-07-02,2001-07-10,2001-06-29,2001-07-03,2001-07-05,2001-07-27,생산자 소비자물가 따로 발표하기로
2001-05,,2001-06-02,2001-06-11,2001-05-31,2001-05-31,2001-06-07,2001-06-29,
2001-04,,2001-05-02,2001-05-08,2001-04-30,2001-04-30,2001-05-04,2001-05-29,
2001-03,,2001-04-02,2001-04-10,2001-03-30,2001-03-30,2001-04-06,2001-04-26,
2001-02,,2001-03-02,2001-03-07,2001-02-28,2001-02-28,2001-03-08,2001-03-29,
2001-01,,2001-02-02,2001-02-07,2001-01-31,2001-01-31,2001-02-08,2001-02-26,
2000-12,,2001-01-02,2001-01-08,2000-12-31,2000-12-31,2001-01-11,2001-01-30,
2000-11,,2000-12-02,2000-12-08,2000-11-30,2000-11-30,2000-12-07,2000-12-29,
2000-10,,2000-11-02,2000-11-07,2000-10-31,2000-10-31,2000-11-09,2000-11-29,
2000-09,,2000-10-02,2000-10-06,2000-09-29,2000-09-29,2000-10-05,2000-10-29,
2000-08,,2000-09-02,2000-09-08,2000-08-31,2000-08-31,2000-09-07,2000-09-28,
2000-07,,2000-08-02,2000-08-10,2000-07-31,2000-07-31,2000-08-03,2000-08-30,
2000-06,,2000-07-02,2000-07-12,2000-06-30,2000-06-30,2000-07-06,2000-07-30,
2000-05,,2000-06-02,2000-06-09,2000-05-31,2000-05-31,2000-06-08,2000-06-29,
2000-04,,2000-05-02,2000-05-10,2000-04-30,2000-04-30,2000-05-04,2000-05-30,
2000-03,,2000-04-02,2000-05-02,2000-03-28,2000-03-28,2000-04-02,2000-04-27,
2000-02,,2000-03-02,2000-03-10,2000-02-29,2000-02-29,2000-03-09,2000-03-29,
2000-01,,2000-02-02,2000-02-11,2000-01-31,2000-01-31,2000-02-03,2000-02-28,
1999-12,,2000-01-02,,,,,,
1999-11,,1999-12-02,,,,,,
1999-10,,1999-11-02,,,,,,
1999-09,,1999-10-02,,,,,,
1999-08,,1999-09-02,,,,,,
1999-07,,1999-08-02,,,,,,
1999-06,,1999-07-02,,,,,,
1999-05,,1999-06-02,,,,,,
1999-04,,1999-05-02,,,,,,
1999-03,,1999-04-02,,,,,,
1999-02,,1999-03-02,,,,,,
1999-01,,1999-02-02,,,,,,
1998-12,,1999-01-02,,,,,,
1998-11,,1998-12-02,,,,,,
1998-10,,1998-11-02,,,,,,
1998-09,,1998-10-02,,,,,,
1998-08,,1998-09-02,,,,,,
1998-07,,1998-08-02,,,,,,
1998-06,,1998-07-02,,,,,,
1998-05,,1998-06-02,,,,,,
1998-04,,1998-05-02,,,,,,
1998-03,,1998-04-02,,,,,,
1998-02,,1998-03-02,,,,,,
1998-01,,1998-02-02,,,,,,
1997-12,,1998-01-02,,,,,,
1997-11,,1997-12-02,,,,,,
1997-10,,1997-11-02,,,,,,
1997-09,,1997-10-02,,,,,,
1997-08,,1997-09-02,,,,,,
1997-07,,1997-08-02,,,,,,
1997-06,,1997-07-02,,,,,,
1997-05,,1997-06-02,,,,,,
1997-04,,1997-05-02,,,,,,
1997-03,,1997-04-02,,,,,,
1997-02,,1997-03-02,,,,,,
1997-01,,1997-02-02,,,,,,
1996-12,,1997-01-02,,,,,,
1996-11,,1996-12-02,,,,,,
1996-10,,1996-11-02,,,,,,
1996-09,,1996-10-02,,,,,,
1996-08,,1996-09-02,,,,,,
1996-07,,1996-08-02,,,,,,
1996-06,,1996-07-02,,,,,,
1996-05,,1996-06-02,,,,,,
1996-04,,1996-05-02,,,,,,
1996-03,,1996-04-02,,,,,,
1996-02,,1996-03-02,,,,,,
1996-01,,1996-02-02,,,,,,
1995-12,,1996-01-02,,,,,,
1995-11,,1995-12-02,,,,,,
1995-10,,1995-11-02,,,,,,
1995-09,,1995-10-02,,,,,,
1995-08,,1995-09-02,,,,,,
1995-07,,1995-08-02,,,,,,
1995-06,,1995-07-02,,,,,,
1995-05,,1995-06-02,,,,,,
1995-04,,1995-05-02,,,,,,
1995-03,,1995-04-02,,,,,,
1995-02,,1995-03-02,,,,,,
1995-01,,1995-02-02,,,,,,
1994-12,,1995-01-02,,,,,,
1994-11,,1994-12-02,,,,,,
1994-10,,1994-11-02,,,,,,
1994-09,,1994-10-02,,,,,,
1994-08,,1994-09-02,,,,,,
1994-07,,1994-08-02,,,,,,
1994-06,,1994-07-02,,,,,,
1994-05,,1994-06-02,,,,,,
1994-04,,1994-05-02,,,,,,
1994-03,,1994-04-02,,,,,,
1994-02,,1994-03-02,,,,,,
1994-01,,1994-02-02,,,,,,
1993-12,,1994-01-02,,,,,,
1993-11,,1993-12-02,,,,,,
1993-10,,1993-11-02,,,,,,
1993-09,,1993-10-02,,,,,,
1993-08,,1993-09-02,,,,,,
1993-07,,1993-08-02,,,,,,
1993-06,,1993-07-02,,,,,,
1993-05,,1993-06-02,,,,,,
1993-04,,1993-05-02,,,,,,
1993-03,,1993-04-02,,,,,,
1993-02,,1993-03-02,,,,,,
1993-01,,1993-02-02,,,,,,
1992-12,,1993-01-02,,,,,,
1992-11,,1992-12-02,,,,,,
1992-10,,1992-11-02,,,,,,
1992-09,,1992-10-02,,,,,,
1992-08,,1992-09-02,,,,,,
1992-07,,1992-08-02,,,,,,
1992-06,,1992-07-02,,,,,,
1992-05,,1992-06-02,,,,,,
1992-04,,1992-05-02,,,,,,
1992-03,,1992-04-02,,,,,,
1992-02,,1992-03-02,,,,,,
1992-01,,1992-02-02,,,,,,
1991-12,,1992-01-02,,,,,,
1991-11,,1991-12-02,,,,,,
1991-10,,1991-11-02,,,,,,
1991-09,,1991-10-02,,,,,,
1991-08,,1991-09-02,,,,,,
1991-07,,1991-08-02,,,,,,
1991-06,,1991-07-02,,,,,,
1991-05,,1991-06-02,,,,,,
1991-04,,1991-05-02,,,,,,
1991-03,,1991-04-02,,,,,,
1991-02,,1991-03-02,,,,,,
1991-01,,1991-02-02,,,,,,
1990-12,,1991-01-02,,,,,,
1990-11,,1990-12-02,,,,,,
1990-10,,1990-11-02,,,,,,
1990-09,,1990-10-02,,,,,,
1990-08,,1990-09-02,,,,,,
1990-07,,1990-08-02,,,,,,
1990-06,,1990-07-02,,,,,,
1990-05,,1990-06-02,,,,,,
1990-04,,1990-05-02,,,,,,
1990-03,,1990-04-02,,,,,,
1990-02,,1990-03-02,,,,,,
1990-01,,1990-02-02,,,,,,
1989-12,,1990-01-02,,,,,,
1989-11,,1989-12-02,,,,,,
1989-10,,1989-11-02,,,,,,
1989-09,,1989-10-02,,,,,,
1989-08,,1989-09-02,,,,,,
1989-07,,1989-08-02,,,,,,
1989-06,,1989-07-02,,,,,,
1989-05,,1989-06-02,,,,,,
1989-04,,1989-05-02,,,,,,
1989-03,,1989-04-02,,,,,,
1989-02,,1989-03-02,,,,,,
1989-01,,1989-02-02,,,,,,
1988-12,,1989-01-02,,,,,,
1988-11,,1988-12-02,,,,,,
1988-10,,1988-11-02,,,,,,
1988-09,,1988-10-02,,,,,,
1988-08,,1988-09-02,,,,,,
1988-07,,1988-08-02,,,,,,
1988-06,,1988-07-02,,,,,,
1988-05,,1988-06-02,,,,,,
1988-04,,1988-05-02,,,,,,
1988-03,,1988-04-02,,,,,,
1988-02,,1988-03-02,,,,,,
1988-01,,1988-02-02,,,,,,
1987-12,,1988-01-02,,,,,,
1987-11,,1987-12-02,,,,,,
1987-10,,1987-11-02,,,,,,
1987-09,,1987-10-02,,,,,,
1987-08,,1987-09-02,,,,,,
1987-07,,1987-08-02,,,,,,
1987-06,,1987-07-02,,,,,,
1987-05,,1987-06-02,,,,,,
1987-04,,1987-05-02,,,,,,
1987-03,,1987-04-02,,,,,,
1987-02,,1987-03-02,,,,,,
1987-01,,1987-02-02,,,,,,
1986-12,,1987-01-02,,,,끝,,
1986-11,,1986-12-02,,,,,,
1986-10,,1986-11-02,,,,,,
1986-09,,1986-10-02,,,,,,
1986-08,,1986-09-02,,,,,,
1986-07,,1986-08-02,,,,,,
1986-06,,1986-07-02,,,,,,
1986-05,,1986-06-02,,,,,,
1986-04,,1986-05-02,,,,,,
1986-03,,1986-04-02,,,,,,
1986-02,,1986-03-02,,,,,,
1986-01,,1986-02-02,,,,,,
1985-12,,1986-01-02,,,,,,
1985-11,,1985-12-02,,,,,,
1985-10,,1985-11-02,,,,,,
1985-09,,1985-10-02,,,,,,
1985-08,,1985-09-02,,,,,,
1985-07,,1985-08-02,,,,,,
1985-06,,1985-07-02,,,,,,
1985-05,,1985-06-02,,,,,,
1985-04,,1985-05-02,,,,,,
1985-03,,1985-04-02,,,,,,
1985-02,,1985-03-02,,,,,,
1985-01,,1985-02-02,,,,,,
1984-12,,1985-01-02,,,,,,
1984-11,,1984-12-02,,,,,,
1984-10,,1984-11-02,,,,,,
1984-09,,1984-10-02,,,,,,
1984-08,,1984-09-02,,,,,,
1984-07,,1984-08-02,,,,,,
1984-06,,1984-07-02,,,,,,
1984-05,,1984-06-02,,,,,,
1984-04,,1984-05-02,,,,,,
1984-03,,1984-04-02,,,,,,
1984-02,,1984-03-02,,,,,,
1984-01,,1984-02-02,,,,,,
1983-12,,1984-01-02,,,,,,
1983-11,,1983-12-02,,,,,,
1983-10,,1983-11-02,,,,,,
1983-09,,1983-10-02,,,,,,
1983-08,,1983-09-02,,,,,,
1983-07,,1983-08-02,,,,,,
1983-06,,1983-07-02,,,,,,
1983-05,,1983-06-02,,,,,,
1983-04,,1983-05-02,,,,,,
1983-03,,1983-04-02,,,,,,
1983-02,,1983-03-02,,,,,,
1983-01,,1983-02-02,,,,,,
1982-12,,1983-01-02,,,,,,
1982-11,,1982-12-02,,,,,,
1982-10,,1982-11-02,,,,,,
1982-09,,1982-10-02,,,,,,
1982-08,,1982-09-02,,,,,,
1982-07,,1982-08-02,,,,,,
1982-06,,1982-07-02,,,,,,
1982-05,,1982-06-02,,,,,,
1982-04,,1982-05-02,,,,,,
1982-03,,1982-04-02,,,,,,
1982-02,,1982-03-02,,,,,,
1982-01,,1982-02-02,,,,,,
1981-12,,1982-01-02,,,,,,
1981-11,,1981-12-02,,,,,,
1981-10,,1981-11-02,,,,,,
1981-09,,1981-10-02,,,,,,
1981-08,,1981-09-02,,,,,,
1981-07,,1981-08-02,,,,,,
1981-06,,1981-07-02,,,,,,
1981-05,,1981-06-02,,,,,,
1981-04,,1981-05-02,,,,,,
1981-03,,1981-04-02,,,,,,
1981-02,,1981-03-02,,,,,,
1981-01,,1981-02-02,,,,,,
1980-12,,1981-01-02,,,,,,
1980-11,,1980-12-02,,,,,,
1980-10,,1980-11-02,,,,,,
1980-09,,1980-10-02,,,,,,
1980-08,,1980-09-02,,,,,,
1980-07,,1980-08-02,,,,,,
1980-06,,1980-07-02,,,,,,
1980-05,,1980-06-02,,,,,,
1980-04,,1980-05-02,,,,,,
1980-03,,1980-04-02,,,,,,
1980-02,,1980-03-02,,,,,,
1980-01,,1980-02-02,,,,,,
1979-12,,1980-01-02,,,,,,
1979-11,,1979-12-02,,,,,,
1979-10,,1979-11-02,,,,,,
1979-09,,1979-10-02,,,,,,
1979-08,,1979-09-02,,,,,,
1979-07,,1979-08-02,,,,,,
1979-06,,1979-07-02,,,,,,
1979-05,,1979-06-02,,,,,,
1979-04,,1979-05-02,,,,,,
1979-03,,1979-04-02,,,,,,
1979-02,,1979-03-02,,,,,,
1979-01,,1979-02-02,,,,,,
1978-12,,1979-01-02,,,,,,
1978-11,,1978-12-02,,,,,,
1978-10,,1978-11-02,,,,,,
1978-09,,1978-10-02,,,,,,
1978-08,,1978-09-02,,,,,,
1978-07,,1978-08-02,,,,,,
1978-06,,1978-07-02,,,,,,
1978-05,,1978-06-02,,,,,,
1978-04,,1978-05-02,,,,,,
1978-03,,1978-04-02,,,,,,
1978-02,,1978-03-02,,,,,,
1978-01,,1978-02-02,,,,,,
1977-12,,1978-01-02,,,,,,
1977-11,,1977-12-02,,,,,,
1977-10,,1977-11-02,,,,,,
1977-09,,1977-10-02,,,,,,
1977-08,,1977-09-02,,,,,,
1977-07,,1977-08-02,,,,,,
1977-06,,1977-07-02,,,,,,
1977-05,,1977-06-02,,,,,,
1977-04,,1977-05-02,,,,,,
1977-03,,1977-04-02,,,,,,
1977-02,,1977-03-02,,,,,,
1977-01,,1977-02-02,,,,,,
1976-12,,1977-01-02,,,,,,
1976-11,,1976-12-02,,,,,,
1976-10,,1976-11-02,,,,,,
1976-09,,1976-10-02,,,,,,
1976-08,,1976-09-02,,,,,,
1976-07,,1976-08-02,,,,,,
1976-06,,1976-07-02,,,,,,
1976-05,,1976-06-02,,,,,,
1976-04,,1976-05-02,,,,,,
1976-03,,1976-04-02,,,,,,
1976-02,,1976-03-02,,,,,,
1976-01,,1976-02-02,,,,,,
1975-12,,1976-01-02,,,,,,
1975-11,,1975-12-02,,,,,,
1975-10,,1975-11-02,,,,,,
1975-09,,1975-10-02,,,,,,
1975-08,,1975-09-02,,,,,,
1975-07,,1975-08-02,,,,,,
1975-06,,1975-07-02,,,,,,
1975-05,,1975-06-02,,,,,,
1975-04,,1975-05-02,,,,,,
1975-03,,1975-04-02,,,,,,
1975-02,,1975-03-02,,,,,,
1975-01,,1975-02-02,,,,,,
1974-12,,1975-01-02,,,,,,
1974-11,,1974-12-02,,,,,,
1974-10,,1974-11-02,,,,,,
1974-09,,1974-10-02,,,,,,
1974-08,,1974-09-02,,,,,,
1974-07,,1974-08-02,,,,,,
1974-06,,1974-07-02,,,,,,
1974-05,,1974-06-02,,,,,,
1974-04,,1974-05-02,,,,,,
1974-03,,1974-04-02,,,,,,
1974-02,,1974-03-02,,,,,,
1974-01,,1974-02-02,,,,,,
1973-12,,1974-01-02,,,,,,
1973-11,,1973-12-02,,,,,,
1973-10,,1973-11-02,,,,,,
1973-09,,1973-10-02,,,,,,
1973-08,,1973-09-02,,,,,,
1973-07,,1973-08-02,,,,,,
1973-06,,1973-07-02,,,,,,
1973-05,,1973-06-02,,,,,,
1973-04,,1973-05-02,,,,,,
1973-03,,1973-04-02,,,,,,
1973-02,,1973-03-02,,,,,,
1973-01,,1973-02-02,,,,,,
1972-12,,1973-01-02,,,,,,
1972-11,,1972-12-02,,,,,,
1972-10,,1972-11-02,,,,,,
1972-09,,1972-10-02,,,,,,
1972-08,,1972-09-02,,,,,,
1972-07,,1972-08-02,,,,,,
1972-06,,1972-07-02,,,,,,
1972-05,,1972-06-02,,,,,,
1972-04,,1972-05-02,,,,,,
1972-03,,1972-04-02,,,,,,
1972-02,,1972-03-02,,,,,,
1972-01,,1972-02-02,,,,,,
1971-12,,1972-01-02,,,,,,
1971-11,,1971-12-02,,,,,,
1971-10,,1971-11-02,,,,,,
1971-09,,1971-10-02,,,,,,
1971-08,,1971-09-02,,,,,,
1971-07,,1971-08-02,,,,,,
1971-06,,1971-07-02,,,,,,
1971-05,,1971-06-02,,,,,끝,
1971-04,,1971-05-02,,,,,,
1971-03,,1971-04-02,,,,,,
1971-02,,1971-03-02,,,,,,
1971-01,,1971-02-02,,,,,,
1970-12,,1971-01-02,,,,,,
1970-11,,1970-12-02,,,,,,
1970-10,,1970-11-02,,,,,,
1970-09,,1970-10-02,,,,,,
1970-08,,1970-09-02,,,,,,
1970-07,,1970-08-02,,,,,,
1970-06,,1970-07-02,,,,,,
1970-05,,1970-06-02,,,,,,
1970-04,,1970-05-02,,,,,,
1970-03,,1970-04-02,,,,,,
1970-02,,1970-03-02,,,,,,
1970-01,,1970-02-02,,,,,,
1969-12,,1970-01-02,,,,,,
1969-11,,1969-12-02,,,,,,
1969-10,,1969-11-02,,,,,,
1969-09,,1969-10-02,,,,,,
1969-08,,1969-09-02,,,,,,
1969-07,,1969-08-02,,,,,,
1969-06,,1969-07-02,,,,,,
1969-05,,1969-06-02,,,,,,
1969-04,,1969-05-02,,,,,,
1969-03,,1969-04-02,,,,,,
1969-02,,1969-03-02,,,,,,
1969-01,,1969-02-02,,,,,,
1968-12,,1969-01-02,,,,,,
1968-11,,1968-12-02,,,,,,
1968-10,,1968-11-02,,,,,,
1968-09,,1968-10-02,,,,,,
1968-08,,1968-09-02,,,,,,
1968-07,,1968-08-02,,,,,,
1968-06,,1968-07-02,,,,,,
1968-05,,1968-06-02,,,,,,
1968-04,,1968-05-02,,,,,,
1968-03,,1968-04-02,,,,,,
1968-02,,1968-03-02,,,,,,
1968-01,,1968-02-02,,,,,,
1967-12,,1968-01-02,,,,,,
1967-11,,1967-12-02,,,,,,
1967-10,,1967-11-02,,,,,,
1967-09,,1967-10-02,,,,,,
1967-08,,1967-09-02,,,,,,
1967-07,,1967-08-02,,,,,,
1967-06,,1967-07-02,,,,,,
1967-05,,1967-06-02,,,,,,
1967-04,,1967-05-02,,,,,,
1967-03,,1967-04-02,,,,,,
1967-02,,1967-03-02,,,,,,
1967-01,,1967-02-02,,,,,,
1966-12,,1967-01-02,,,,,,
1966-11,,1966-12-02,끝,,,,,
1966-10,,1966-11-02,,,,,,
1966-09,,1966-10-02,,,,,,
1966-08,,1966-09-02,,,,,,
1966-07,,1966-08-02,,,,,,
1966-06,,1966-07-02,,,,,,
1966-05,,1966-06-02,,,,,,
1966-04,,1966-05-02,,,,,,
1966-03,,1966-04-02,,,,,,
1966-02,,1966-03-02,,,,,,
1966-01,,1966-02-02,,,,,,
1965-12,,1966-01-02,,,,,,
1965-11,,1965-12-02,,끝,끝,,,
1965-10,,1965-11-02,,,,,,
1965-09,,1965-10-02,,,,,,
1965-08,,1965-09-02,,,,,,
1965-07,,1965-08-02,,,,,,
1965-06,,1965-07-02,,,,,,
1965-05,,1965-06-02,,,,,,
1965-04,,1965-05-02,,,,,,
1965-03,,1965-04-02,,,,,,
1965-02,,1965-03-02,,,,,,
1965-01,,1965-02-02,,,,,,
1964-12,,1965-01-02,,,,,,
1964-11,,1964-12-02,,,,,,
1964-10,,1964-11-02,,,,,,
1964-09,,1964-10-02,,,,,,
1964-08,,1964-09-02,,,,,,
1964-07,,1964-08-02,,,,,,
1964-06,,1964-07-02,,,,,,
1964-05,,1964-06-02,,,,,,
1964-04,,1964-05-02,,,,,,
1964-03,,1964-04-02,,,,,,
1964-02,,1964-03-02,,,,,,
1964-01,,1964-02-02,,,,,,
1963-12,,1964-01-02,,,,,,
1963-11,,1963-12-02,,,,,,
1963-10,,1963-11-02,,,,,,
1963-09,,1963-10-02,,,,,,
1963-08,,1963-09-02,,,,,,
1963-07,,1963-08-02,,,,,,
1963-06,,1963-07-02,,,,,,
1963-05,,1963-06-02,,,,,,
1963-04,,1963-05-02,,,,,,
1963-03,,1963-04-02,,,,,,
1963-02,,1963-03-02,,,,,,
1963-01,,1963-02-02,,,,,,
1962-12,,1963-01-02,,,,,,
1962-11,,1962-12-02,,,,,,
1962-10,,1962-11-02,,,,,,
1962-09,,1962-10-02,,,,,,
1962-08,,1962-09-02,,,,,,
1962-07,,1962-08-02,,,,,,
1962-06,,1962-07-02,,,,,,
1962-05,,1962-06-02,,,,,,
1962-04,,1962-05-02,,,,,,
1962-03,,1962-04-02,,,,,,
1962-02,,1962-03-02,,,,,,
1962-01,,1962-02-02,,,,,,
1961-12,,1962-01-02,,,,,,
1961-11,,1961-12-02,,,,,,
1961-10,,1961-11-02,,,,,,
1961-09,,1961-10-02,,,,,,
1961-08,,1961-09-02,,,,,,
1961-07,,1961-08-02,,,,,,
1961-06,,1961-07-02,,,,,,
1961-05,,1961-06-02,,,,,,
1961-04,,1961-05-02,,,,,,
1961-03,,1961-04-02,,,,,,
1961-02,,1961-03-02,,,,,,
1961-01,,1961-02-02,,,,,,
1960-12,,1961-01-02,,,,,,
1960-11,,1960-12-02,,,,,,
1960-10,,1960-11-02,,,,,,
1960-09,,1960-10-02,,,,,,
1960-08,,1960-09-02,,,,,,
1960-07,,1960-08-02,,,,,,
1960-06,,1960-07-02,,,,,,
1960-05,,1960-06-02,,,,,,
1960-04,,1960-05-02,,,,,,
1960-03,,1960-04-02,,,,,,
1960-02,,1960-03-02,,,,,,
1960-01,,1960-02-02,,,,,,
1959-12,,1960-01-02,,,,,,
1959-11,,1959-12-02,,,,,,
1959-10,,1959-11-02,,,,,,
1959-09,,1959-10-02,,,,,,
1959-08,,1959-09-02,,,,,,
1959-07,,1959-08-02,,,,,,
1959-06,,1959-07-02,,,,,,
1959-05,,1959-06-02,,,,,,
1959-04,,1959-05-02,,,,,,
1959-03,,1959-04-02,,,,,,
1959-02,,1959-03-02,,,,,,
1959-01,,1959-02-02,,,,,,
1958-12,,1959-01-02,,,,,,
1958-11,,1958-12-02,,,,,,
1958-10,,1958-11-02,,,,,,
1958-09,,1958-10-02,,,,,,
1958-08,,1958-09-02,,,,,,
1958-07,,1958-08-02,,,,,,
1958-06,,1958-07-02,,,,,,
1958-05,,1958-06-02,,,,,,
1958-04,,1958-05-02,,,,,,
1958-03,,1958-04-02,,,,,,
1958-02,,1958-03-02,,,,,,
1958-01,,1958-02-02,,,,,,
1957-12,,1958-01-02,,,,,,
1957-11,,1957-12-02,,,,,,
1957-10,,1957-11-02,,,,,,
1957-09,,1957-10-02,,,,,,
1957-08,,1957-09-02,,,,,,
1957-07,,1957-08-02,,,,,,
1957-06,,1957-07-02,,,,,,
1957-05,,1957-06-02,,,,,,
1957-04,,1957-05-02,,,,,,
1957-03,,1957-04-02,,,,,,
1957-02,,1957-03-02,,,,,,
1957-01,,1957-02-02,,,,,,
1956-12,,1957-01-02,,,,,,
1956-11,,1956-12-02,,,,,,
1956-10,,1956-11-02,,,,,,
1956-09,,1956-10-02,,,,,,
1956-08,,1956-09-02,,,,,,
1956-07,,1956-08-02,,,,,,
1956-06,,1956-07-02,,,,,,
1956-05,,1956-06-02,,,,,,
1956-04,,1956-05-02,,,,,,
1956-03,,1956-04-02,,,,,,
1956-02,,1956-03-02,,,,,,
1956-01,,1956-02-02,,,,,,
1955-12,,1956-01-02,,,,,,
1955-11,,1955-12-02,,,,,,
1955-10,,1955-11-02,,,,,,
1955-09,,1955-10-02,,,,,,
1955-08,,1955-09-02,,,,,,
1955-07,,1955-08-02,,,,,,
1955-06,,1955-07-02,,,,,,
1955-05,,1955-06-02,,,,,,
1955-04,,1955-05-02,,,,,,
1955-03,,1955-04-02,,,,,,
1955-02,,1955-03-02,,,,,,
1955-01,,1955-02-02,,,,,,
1954-12,,1955-01-02,,,,,,
1954-11,,1954-12-02,,,,,,
1954-10,,1954-11-02,,,,,,
1954-09,,1954-10-02,,,,,,
1954-08,,1954-09-02,,,,,,
1954-07,,1954-08-02,,,,,,
1954-06,,1954-07-02,,,,,,
1954-05,,1954-06-02,,,,,,
1954-04,,1954-05-02,,,,,,
1954-03,,1954-04-02,,,,,,
1954-02,,1954-03-02,,,,,,
1954-01,,1954-02-02,,,,,,
1953-12,,1954-01-02,,,,,,
1953-11,,1953-12-02,,,,,,
1953-10,,1953-11-02,,,,,,
1953-09,,1953-10-02,,,,,,
1953-08,,1953-09-02,,,,,,
1953-07,,1953-08-02,,,,,,
1953-06,,1953-07-02,,,,,,
1953-05,,1953-06-02,,,,,,
1953-04,,1953-05-02,,,,,,
1953-03,,1953-04-02,,,,,,
1953-02,,1953-03-02,,,,,,
1953-01,,1953-02-02,,,,,,
1952-12,,1953-01-02,,,,,,
1952-11,,1952-12-02,,,,,,
1952-10,,1952-11-02,,,,,,
1952-09,,1952-10-02,,,,,,
1952-08,,1952-09-02,,,,,,
1952-07,,1952-08-02,,,,,,
1952-06,,1952-07-02,,,,,,
1952-05,,1952-06-02,,,,,,
1952-04,,1952-05-02,,,,,,
1952-03,,1952-04-02,,,,,,
1952-02,,1952-03-02,,,,,,
1952-01,,1952-02-02,,,,,,
1951-12,,1952-01-02,,,,,,
1951-11,,1951-12-02,,,,,,
1951-10,,1951-11-02,,,,,,
1951-09,,1951-10-02,,,,,,
1951-08,,1951-09-02,,,,,,
1951-07,,1951-08-02,,,,,,
1951-06,,1951-07-02,,,,,,
1951-05,,1951-06-02,,,,,,
1951-04,,1951-05-02,,,,,,
1951-03,,1951-04-02,,,,,,
1951-02,,1951-03-02,,,,,,
1951-01,,1951-02-02,,,,,,
1950-12,,1951-01-02,,,,,,
1950-11,,1950-12-02,,,,,,
1950-10,,1950-11-02,,,,,,
1950-09,,1950-10-02,,,,,,
1950-08,,1950-09-02,,,,,,
1950-07,,1950-08-02,,,,,,
1950-06,,1950-07-02,,,,,,
1950-05,,1950-06-02,,,,,,
1950-04,,1950-05-02,,,,,,
1950-03,,1950-04-02,,,,,,
1950-02,,1950-03-02,,,,,,
1950-01,,1950-02-02,,,,,,
1949-12,,1950-01-02,,,,,,
1949-11,,1949-12-02,,,,,,
1949-10,,1949-11-02,,,,,,
1949-09,,1949-10-02,,,,,,
1949-08,,1949-09-02,,,,,,
1949-07,,1949-08-02,,,,,,
1949-06,,1949-07-02,,,,,,
1949-05,,1949-06-02,,,,,,
1949-04,,1949-05-02,,,,,,
1949-03,,1949-04-02,,,,,,
1949-02,,1949-03-02,,,,,,
1949-01,,1949-02-02,,,,,,
1948-12,,1949-01-02,,,,,,
1948-11,,1948-12-02,,,,,,
1948-10,,1948-11-02,,,,,,
1948-09,,1948-10-02,,,,,,
1948-08,,1948-09-02,,,,,,
1948-07,,1948-08-02,,,,,,
1948-06,,1948-07-02,,,,,,
1948-05,,1948-06-02,,,,,,
1948-04,,1948-05-02,,,,,,
1948-03,,1948-04-02,,,,,,
1948-02,,1948-03-02,,,,,,
1948-01,,1948-02-02,,,,,,
